Workbook

Sheet Gantt Chart (daily)
A1: FitForm AI - Project Gantt Chart (daily), IMP Part B
A2: Steve Flinston (24123119) | 6FTC2062 Individual Major Project | Supervisor: Wong Kim Siong | Updated 31 Oct 2026 (after Session 3)
G5: 46279 | H5: 46280 | I5: 46281 | J5: 46282 | K5: 46283 | L5: 46284 | M5: 46285 | N5: 46286 | O5: 46287 | P5: 46288 | Q5: 46289 | R5: 46290 | S5: 46291 | T5: 46292 | U5: 46293 | V5: 46294 | W5: 46295 | X5: 46296 | Y5: 46297 | Z5: 46298 | AA5: 46299 | AB5: 46300 | AC5: 46301 | AD5: 46302 | AE5: 46303 | AF5: 46304 | AG5: 46305 | AH5: 46306 | AI5: 46307 | AJ5: 46308 | AK5: 46309 | AL5: 46310 | AM5: 46311 | AN5: 46312 | AO5: 46313 | AP5: 46314 | AQ5: 46315 | AR5: 46316 | AS5: 46317 | AT5: 46318 | AU5: 46319 | AV5: 46320 | AW5: 46321 | AX5: 46322 | AY5: 46323 | AZ5: 46324 | BA5: 46325 | BB5: 46326 | BC5: 46327 | BD5: 46328 | BE5: 46329 | BF5: 46330 | BG5: 46331 | BH5: 46332 | BI5: 46333 | BJ5: 46334 | BK5: 46335 | BL5: 46336 | BM5: 46337 | BN5: 46338 | BO5: 46339 | BP5: 46340 | BQ5: 46341 | BR5: 46342 | BS5: 46343 | BT5: 46344 | BU5: 46345 | BV5: 46346 | BW5: 46347 | BX5: 46348 | BY5: 46349 | BZ5: 46350 | CA5: 46351 | CB5: 46352 | CC5: 46353 | CD5: 46354 | CE5: 46355 | CF5: 46356 | CG5: 46357 | CH5: 46358
A6: Task Name | B6: Outline week | C6: Start | D6: End | E6: Days | F6: Status | G6: September 2026 | X6: October 2026 | BC6: November 2026 | CG6: Dec
G7: Week 1 | N7: Week 2 | U7: Week 3 | AB7: Week 4 | AI7: Week 5 | AP7: Week 6 | AW7: Week 7 | BD7: Week 8 | BK7: Week 9 | BR7: Week 10 | BY7: Week 11 | CF7: Week 12
G8: 14 | H8: 15 | I8: 16 | J8: 17 | K8: 18 | L8: 19 | M8: 20 | N8: 21 | O8: 22 | P8: 23 | Q8: 24 | R8: 25 | S8: 26 | T8: 27 | U8: 28 | V8: 29 | W8: 30 | X8: 1 | Y8: 2 | Z8: 3 | AA8: 4 | AB8: 5 | AC8: 6 | AD8: 7 | AE8: 8 | AF8: 9 | AG8: 10 | AH8: 11 | AI8: 12 | AJ8: 13 | AK8: 14 | AL8: 15 | AM8: 16 | AN8: 17 | AO8: 18 | AP8: 19 | AQ8: 20 | AR8: 21 | AS8: 22 | AT8: 23 | AU8: 24 | AV8: 25 | AW8: 26 | AX8: 27 | AY8: 28 | AZ8: 29 | BA8: 30 | BB8: 31 | BC8: 1 | BD8: 2 | BE8: 3 | BF8: 4 | BG8: 5 | BH8: 6 | BI8: 7 | BJ8: 8 | BK8: 9 | BL8: 10 | BM8: 11 | BN8: 12 | BO8: 13 | BP8: 14 | BQ8: 15 | BR8: 16 | BS8: 17 | BT8: 18 | BU8: 19 | BV8: 20 | BW8: 21 | BX8: 22 | BY8: 23 | BZ8: 24 | CA8: 25 | CB8: 26 | CC8: 27 | CD8: 28 | CE8: 29 | CF8: 30 | CG8: 1 | CH8: 2
G9: M | H9: T | I9: W | J9: T | K9: F | L9: S | M9: S | N9: M | O9: T | P9: W | Q9: T | R9: F | S9: S | T9: S | U9: M | V9: T | W9: W | X9: T | Y9: F | Z9: S | AA9: S | AB9: M | AC9: T | AD9: W | AE9: T | AF9: F | AG9: S | AH9: S | AI9: M | AJ9: T | AK9: W | AL9: T | AM9: F | AN9: S | AO9: S | AP9: M | AQ9: T | AR9: W | AS9: T | AT9: F | AU9: S | AV9: S | AW9: M | AX9: T | AY9: W | AZ9: T | BA9: F | BB9: S | BC9: S | BD9: M | BE9: T | BF9: W | BG9: T | BH9: F | BI9: S | BJ9: S | BK9: M | BL9: T | BM9: W | BN9: T | BO9: F | BP9: S | BQ9: S | BR9: M | BS9: T | BT9: W | BU9: T | BV9: F | BW9: S | BX9: S | BY9: M | BZ9: T | CA9: W | CB9: T | CC9: F | CD9: S | CE9: S | CF9: M | CG9: T | CH9: W | CL9: Start date | CM9: End date
A10: 1. Set up Python 3.11 virtual environment (Raspberry Pi OS + laptop) | B10: W1 | C10: =DAY(CL10)&" "&INDEX(Lists!$A$1:$A$12,MONTH(CL10)) -> 14 Sep | D10: =DAY(CM10)&" "&INDEX(Lists!$A$1:$A$12,MONTH(CM10)) -> 2 Oct | E10: =CM10-CL10+1 -> 19 | F10: =IF(COUNTIF(F11:F13,"Done")=3,"Done",IF(COUNTIF(F11:F13,"Not started")=3,"Not started","In progress")) -> Done | CJ10: Heading | CL10: =MIN(CL11:CL13) -> 46279 | CM10: =MAX(CM11:CM13) -> 46297
A11: Install Raspberry Pi OS on the microSD card; first boot of the Pi 5 | C11: 14 Sep | D11: 16 Sep | E11: =IF(OR(CL11="",CM11=""),"",CM11-CL11+1) -> 3 | F11: Done | CJ11: Task | CL11: =IFERROR(IF(TRIM(C11)="","",IF(ISNUMBER(C11),C11,DATE(2026,MATCH(LEFT(MID(TRIM(C11),FIND(" ",TRIM(C11))+1,9),3),Lists!$A$1:$A$12,0),VALUE(LEFT(TRIM(C11),FIND(" ",TRIM(C11))-1))))),"") -> 46279 | CM11: =IFERROR(IF(TRIM(D11)="","",IF(ISNUMBER(D11),D11,DATE(2026,MATCH(LEFT(MID(TRIM(D11),FIND(" ",TRIM(D11))+1,9),3),Lists!$A$1:$A$12,0),VALUE(LEFT(TRIM(D11),FIND(" ",TRIM(D11))-1))))),"") -> 46281
A12: Laptop Python environment; fix library version error | C12: 14 Sep | D12: 18 Sep | E12: =IF(OR(CL12="",CM12=""),"",CM12-CL12+1) -> 5 | F12: Done | CJ12: Task | CL12: =IFERROR(IF(TRIM(C12)="","",IF(ISNUMBER(C12),C12,DATE(2026,MATCH(LEFT(MID(TRIM(C12),FIND(" ",TRIM(C12))+1,9),3),Lists!$A$1:$A$12,0),VALUE(LEFT(TRIM(C12),FIND(" ",TRIM(C12))-1))))),"") -> 46279 | CM12: =IFERROR(IF(TRIM(D12)="","",IF(ISNUMBER(D12),D12,DATE(2026,MATCH(LEFT(MID(TRIM(D12),FIND(" ",TRIM(D12))+1,9),3),Lists!$A$1:$A$12,0),VALUE(LEFT(TRIM(D12),FIND(" ",TRIM(D12))-1))))),"") -> 46283
A13: Pi 5 Python 3.12 virtual environment with uv (OS ships Python 3.13) | C13: 28 Sep | D13: 2 Oct | E13: =IF(OR(CL13="",CM13=""),"",CM13-CL13+1) -> 5 | F13: Done | CJ13: Task | CL13: =IFERROR(IF(TRIM(C13)="","",IF(ISNUMBER(C13),C13,DATE(2026,MATCH(LEFT(MID(TRIM(C13),FIND(" ",TRIM(C13))+1,9),3),Lists!$A$1:$A$12,0),VALUE(LEFT(TRIM(C13),FIND(" ",TRIM(C13))-1))))),"") -> 46293 | CM13: =IFERROR(IF(TRIM(D13)="","",IF(ISNUMBER(D13),D13,DATE(2026,MATCH(LEFT(MID(TRIM(D13),FIND(" ",TRIM(D13))+1,9),3),Lists!$A$1:$A$12,0),VALUE(LEFT(TRIM(D13),FIND(" ",TRIM(D13))-1))))),"") -> 46297
A14: 2. Install and configure OpenCV | B14: W2 | C14: =DAY(CL14)&" "&INDEX(Lists!$A$1:$A$12,MONTH(CL14)) -> 16 Sep | D14: =DAY(CM14)&" "&INDEX(Lists!$A$1:$A$12,MONTH(CM14)) -> 2 Oct | E14: =CM14-CL14+1 -> 17 | F14: =IF(COUNTIF(F15:F16,"Done")=2,"Done",IF(COUNTIF(F15:F16,"Not started")=2,"Not started","In progress")) -> Done | CJ14: Heading | CL14: =MIN(CL15:CL16) -> 46281 | CM14: =MAX(CM15:CM16) -> 46297
A15: Install OpenCV 4.11 on the laptop; test the webcam | C15: 16 Sep | D15: 18 Sep | E15: =IF(OR(CL15="",CM15=""),"",CM15-CL15+1) -> 3 | F15: Done | CJ15: Task | CL15: =IFERROR(IF(TRIM(C15)="","",IF(ISNUMBER(C15),C15,DATE(2026,MATCH(LEFT(MID(TRIM(C15),FIND(" ",TRIM(C15))+1,9),3),Lists!$A$1:$A$12,0),VALUE(LEFT(TRIM(C15),FIND(" ",TRIM(C15))-1))))),"") -> 46281 | CM15: =IFERROR(IF(TRIM(D15)="","",IF(ISNUMBER(D15),D15,DATE(2026,MATCH(LEFT(MID(TRIM(D15),FIND(" ",TRIM(D15))+1,9),3),Lists!$A$1:$A$12,0),VALUE(LEFT(TRIM(D15),FIND(" ",TRIM(D15))-1))))),"") -> 46283
A16: Install OpenCV on the Pi 5; remove conflicting builds | C16: 30 Sep | D16: 2 Oct | E16: =IF(OR(CL16="",CM16=""),"",CM16-CL16+1) -> 3 | F16: Done | CJ16: Task | CL16: =IFERROR(IF(TRIM(C16)="","",IF(ISNUMBER(C16),C16,DATE(2026,MATCH(LEFT(MID(TRIM(C16),FIND(" ",TRIM(C16))+1,9),3),Lists!$A$1:$A$12,0),VALUE(LEFT(TRIM(C16),FIND(" ",TRIM(C16))-1))))),"") -> 46295 | CM16: =IFERROR(IF(TRIM(D16)="","",IF(ISNUMBER(D16),D16,DATE(2026,MATCH(LEFT(MID(TRIM(D16),FIND(" ",TRIM(D16))+1,9),3),Lists!$A$1:$A$12,0),VALUE(LEFT(TRIM(D16),FIND(" ",TRIM(D16))-1))))),"") -> 46297
A17: 3. Install and configure MediaPipe; test camera feed and GPIO wiring for LED/buzzer | B17: W3 | C17: =DAY(CL17)&" "&INDEX(Lists!$A$1:$A$12,MONTH(CL17)) -> 17 Sep | D17: =DAY(CM17)&" "&INDEX(Lists!$A$1:$A$12,MONTH(CM17)) -> 4 Nov | E17: =CM17-CL17+1 -> 49 | F17: =IF(COUNTIF(F18:F21,"Done")=4,"Done",IF(COUNTIF(F18:F21,"Not started")=4,"Not started","In progress")) -> In progress | CJ17: Heading | CL17: =MIN(CL18:CL21) -> 46282 | CM17: =MAX(CM18:CM21) -> 46330
A18: Install MediaPipe on the laptop; test pose on the webcam | C18: 17 Sep | D18: 19 Sep | E18: =IF(OR(CL18="",CM18=""),"",CM18-CL18+1) -> 3 | F18: Done | CJ18: Task | CL18: =IFERROR(IF(TRIM(C18)="","",IF(ISNUMBER(C18),C18,DATE(2026,MATCH(LEFT(MID(TRIM(C18),FIND(" ",TRIM(C18))+1,9),3),Lists!$A$1:$A$12,0),VALUE(LEFT(TRIM(C18),FIND(" ",TRIM(C18))-1))))),"") -> 46282 | CM18: =IFERROR(IF(TRIM(D18)="","",IF(ISNUMBER(D18),D18,DATE(2026,MATCH(LEFT(MID(TRIM(D18),FIND(" ",TRIM(D18))+1,9),3),Lists!$A$1:$A$12,0),VALUE(LEFT(TRIM(D18),FIND(" ",TRIM(D18))-1))))),"") -> 46284
A19: Install MediaPipe 0.10.18 on the Pi 5; run the logic tests | C19: 1 Oct | D19: 3 Oct | E19: =IF(OR(CL19="",CM19=""),"",CM19-CL19+1) -> 3 | F19: Done | CJ19: Task | CL19: =IFERROR(IF(TRIM(C19)="","",IF(ISNUMBER(C19),C19,DATE(2026,MATCH(LEFT(MID(TRIM(C19),FIND(" ",TRIM(C19))+1,9),3),Lists!$A$1:$A$12,0),VALUE(LEFT(TRIM(C19),FIND(" ",TRIM(C19))-1))))),"") -> 46296 | CM19: =IFERROR(IF(TRIM(D19)="","",IF(ISNUMBER(D19),D19,DATE(2026,MATCH(LEFT(MID(TRIM(D19),FIND(" ",TRIM(D19))+1,9),3),Lists!$A$1:$A$12,0),VALUE(LEFT(TRIM(D19),FIND(" ",TRIM(D19))-1))))),"") -> 46298
A20: Pi camera support (rpicam) and AI Camera firmware | C20: 3 Oct | D20: 7 Oct | E20: =IF(OR(CL20="",CM20=""),"",CM20-CL20+1) -> 5 | F20: Done | CJ20: Task | CL20: =IFERROR(IF(TRIM(C20)="","",IF(ISNUMBER(C20),C20,DATE(2026,MATCH(LEFT(MID(TRIM(C20),FIND(" ",TRIM(C20))+1,9),3),Lists!$A$1:$A$12,0),VALUE(LEFT(TRIM(C20),FIND(" ",TRIM(C20))-1))))),"") -> 46298 | CM20: =IFERROR(IF(TRIM(D20)="","",IF(ISNUMBER(D20),D20,DATE(2026,MATCH(LEFT(MID(TRIM(D20),FIND(" ",TRIM(D20))+1,9),3),Lists!$A$1:$A$12,0),VALUE(LEFT(TRIM(D20),FIND(" ",TRIM(D20))-1))))),"") -> 46302
A21: GPIO wiring test of the LEDs and buzzer on the breadboard (moved) | C21: 2 Nov | D21: 4 Nov | E21: =IF(OR(CL21="",CM21=""),"",CM21-CL21+1) -> 3 | F21: Not started | CJ21: Task | CL21: =IFERROR(IF(TRIM(C21)="","",IF(ISNUMBER(C21),C21,DATE(2026,MATCH(LEFT(MID(TRIM(C21),FIND(" ",TRIM(C21))+1,9),3),Lists!$A$1:$A$12,0),VALUE(LEFT(TRIM(C21),FIND(" ",TRIM(C21))-1))))),"") -> 46328 | CM21: =IFERROR(IF(TRIM(D21)="","",IF(ISNUMBER(D21),D21,DATE(2026,MATCH(LEFT(MID(TRIM(D21),FIND(" ",TRIM(D21))+1,9),3),Lists!$A$1:$A$12,0),VALUE(LEFT(TRIM(D21),FIND(" ",TRIM(D21))-1))))),"") -> 46330
A22: 4. Develop MediaPipe Pose landmark extraction (shoulder, elbow, wrist, hip coordinates) | B22: W4 | C22: =DAY(CL22)&" "&INDEX(Lists!$A$1:$A$12,MONTH(CL22)) -> 19 Sep | D22: =DAY(CM22)&" "&INDEX(Lists!$A$1:$A$12,MONTH(CM22)) -> 7 Oct | E22: =CM22-CL22+1 -> 19 | F22: =IF(COUNTIF(F23:F24,"Done")=2,"Done",IF(COUNTIF(F23:F24,"Not started")=2,"Not started","In progress")) -> Done | CJ22: Heading | CL22: =MIN(CL23:CL24) -> 46284 | CM22: =MAX(CM23:CM24) -> 46302
A23: Restructure the prototype into modules (pose_engine.py) | C23: 19 Sep | D23: 25 Sep | E23: =IF(OR(CL23="",CM23=""),"",CM23-CL23+1) -> 7 | F23: Done | CJ23: Task | CL23: =IFERROR(IF(TRIM(C23)="","",IF(ISNUMBER(C23),C23,DATE(2026,MATCH(LEFT(MID(TRIM(C23),FIND(" ",TRIM(C23))+1,9),3),Lists!$A$1:$A$12,0),VALUE(LEFT(TRIM(C23),FIND(" ",TRIM(C23))-1))))),"") -> 46284 | CM23: =IFERROR(IF(TRIM(D23)="","",IF(ISNUMBER(D23),D23,DATE(2026,MATCH(LEFT(MID(TRIM(D23),FIND(" ",TRIM(D23))+1,9),3),Lists!$A$1:$A$12,0),VALUE(LEFT(TRIM(D23),FIND(" ",TRIM(D23))-1))))),"") -> 46290
A24: Use MediaPipe 3D world landmarks (view-independent) | C24: 5 Oct | D24: 7 Oct | E24: =IF(OR(CL24="",CM24=""),"",CM24-CL24+1) -> 3 | F24: Done | CJ24: Task | CL24: =IFERROR(IF(TRIM(C24)="","",IF(ISNUMBER(C24),C24,DATE(2026,MATCH(LEFT(MID(TRIM(C24),FIND(" ",TRIM(C24))+1,9),3),Lists!$A$1:$A$12,0),VALUE(LEFT(TRIM(C24),FIND(" ",TRIM(C24))-1))))),"") -> 46300 | CM24: =IFERROR(IF(TRIM(D24)="","",IF(ISNUMBER(D24),D24,DATE(2026,MATCH(LEFT(MID(TRIM(D24),FIND(" ",TRIM(D24))+1,9),3),Lists!$A$1:$A$12,0),VALUE(LEFT(TRIM(D24),FIND(" ",TRIM(D24))-1))))),"") -> 46302
A25: 5. Implement joint-angle calculation functions (elbow, torso, wrist angles) | B25: W5 | C25: =DAY(CL25)&" "&INDEX(Lists!$A$1:$A$12,MONTH(CL25)) -> 5 Oct | D25: =DAY(CM25)&" "&INDEX(Lists!$A$1:$A$12,MONTH(CM25)) -> 8 Oct | E25: =CM25-CL25+1 -> 4 | F25: =IF(COUNTIF(F26:F27,"Done")=2,"Done",IF(COUNTIF(F26:F27,"Not started")=2,"Not started","In progress")) -> Done | CJ25: Heading | CL25: =MIN(CL26:CL27) -> 46300 | CM25: =MAX(CM26:CM27) -> 46303
A26: Elbow angle and upper-arm drift check (replaces hip swing check) | C26: 5 Oct | D26: 7 Oct | E26: =IF(OR(CL26="",CM26=""),"",CM26-CL26+1) -> 3 | F26: Done | CJ26: Task | CL26: =IFERROR(IF(TRIM(C26)="","",IF(ISNUMBER(C26),C26,DATE(2026,MATCH(LEFT(MID(TRIM(C26),FIND(" ",TRIM(C26))+1,9),3),Lists!$A$1:$A$12,0),VALUE(LEFT(TRIM(C26),FIND(" ",TRIM(C26))-1))))),"") -> 46300 | CM26: =IFERROR(IF(TRIM(D26)="","",IF(ISNUMBER(D26),D26,DATE(2026,MATCH(LEFT(MID(TRIM(D26),FIND(" ",TRIM(D26))+1,9),3),Lists!$A$1:$A$12,0),VALUE(LEFT(TRIM(D26),FIND(" ",TRIM(D26))-1))))),"") -> 46302
A27: Wrist angle from the hand knuckles (MediaPipe Hands) | C27: 7 Oct | D27: 8 Oct | E27: =IF(OR(CL27="",CM27=""),"",CM27-CL27+1) -> 2 | F27: Done | CJ27: Task | CL27: =IFERROR(IF(TRIM(C27)="","",IF(ISNUMBER(C27),C27,DATE(2026,MATCH(LEFT(MID(TRIM(C27),FIND(" ",TRIM(C27))+1,9),3),Lists!$A$1:$A$12,0),VALUE(LEFT(TRIM(C27),FIND(" ",TRIM(C27))-1))))),"") -> 46302 | CM27: =IFERROR(IF(TRIM(D27)="","",IF(ISNUMBER(D27),D27,DATE(2026,MATCH(LEFT(MID(TRIM(D27),FIND(" ",TRIM(D27))+1,9),3),Lists!$A$1:$A$12,0),VALUE(LEFT(TRIM(D27),FIND(" ",TRIM(D27))-1))))),"") -> 46303
A28: 6. Build the bicep curl rep-counting state machine with form-validation checks | B28: W6 | C28: =DAY(CL28)&" "&INDEX(Lists!$A$1:$A$12,MONTH(CL28)) -> 21 Sep | D28: =DAY(CM28)&" "&INDEX(Lists!$A$1:$A$12,MONTH(CM28)) -> 27 Oct | E28: =CM28-CL28+1 -> 37 | F28: =IF(COUNTIF(F29:F34,"Done")=6,"Done",IF(COUNTIF(F29:F34,"Not started")=6,"Not started","In progress")) -> Done | CJ28: Heading | CL28: =MIN(CL29:CL34) -> 46286 | CM28: =MAX(CM29:CM34) -> 46322
A29: State machine for left and right arms (laptop test) | C29: 21 Sep | D29: 26 Sep | E29: =IF(OR(CL29="",CM29=""),"",CM29-CL29+1) -> 6 | F29: Done | CJ29: Task | CL29: =IFERROR(IF(TRIM(C29)="","",IF(ISNUMBER(C29),C29,DATE(2026,MATCH(LEFT(MID(TRIM(C29),FIND(" ",TRIM(C29))+1,9),3),Lists!$A$1:$A$12,0),VALUE(LEFT(TRIM(C29),FIND(" ",TRIM(C29))-1))))),"") -> 46286 | CM29: =IFERROR(IF(TRIM(D29)="","",IF(ISNUMBER(D29),D29,DATE(2026,MATCH(LEFT(MID(TRIM(D29),FIND(" ",TRIM(D29))+1,9),3),Lists!$A$1:$A$12,0),VALUE(LEFT(TRIM(D29),FIND(" ",TRIM(D29))-1))))),"") -> 46291
A30: Clenched-fist check with MediaPipe Hands | C30: 6 Oct | D30: 8 Oct | E30: =IF(OR(CL30="",CM30=""),"",CM30-CL30+1) -> 3 | F30: Done | CJ30: Task | CL30: =IFERROR(IF(TRIM(C30)="","",IF(ISNUMBER(C30),C30,DATE(2026,MATCH(LEFT(MID(TRIM(C30),FIND(" ",TRIM(C30))+1,9),3),Lists!$A$1:$A$12,0),VALUE(LEFT(TRIM(C30),FIND(" ",TRIM(C30))-1))))),"") -> 46301 | CM30: =IFERROR(IF(TRIM(D30)="","",IF(ISNUMBER(D30),D30,DATE(2026,MATCH(LEFT(MID(TRIM(D30),FIND(" ",TRIM(D30))+1,9),3),Lists!$A$1:$A$12,0),VALUE(LEFT(TRIM(D30),FIND(" ",TRIM(D30))-1))))),"") -> 46303
A31: Fix live rep counting on the Pi using the debug view | C31: 8 Oct | D31: 22 Oct | E31: =IF(OR(CL31="",CM31=""),"",CM31-CL31+1) -> 15 | F31: Done | CJ31: Task | CL31: =IFERROR(IF(TRIM(C31)="","",IF(ISNUMBER(C31),C31,DATE(2026,MATCH(LEFT(MID(TRIM(C31),FIND(" ",TRIM(C31))+1,9),3),Lists!$A$1:$A$12,0),VALUE(LEFT(TRIM(C31),FIND(" ",TRIM(C31))-1))))),"") -> 46303 | CM31: =IFERROR(IF(TRIM(D31)="","",IF(ISNUMBER(D31),D31,DATE(2026,MATCH(LEFT(MID(TRIM(D31),FIND(" ",TRIM(D31))+1,9),3),Lists!$A$1:$A$12,0),VALUE(LEFT(TRIM(D31),FIND(" ",TRIM(D31))-1))))),"") -> 46317
A32: Fist direction: per-arm calibration from labelled runs; tip instead of reject | C32: 15 Oct | D32: 21 Oct | E32: =IF(OR(CL32="",CM32=""),"",CM32-CL32+1) -> 7 | F32: Done | CJ32: Task | CL32: =IFERROR(IF(TRIM(C32)="","",IF(ISNUMBER(C32),C32,DATE(2026,MATCH(LEFT(MID(TRIM(C32),FIND(" ",TRIM(C32))+1,9),3),Lists!$A$1:$A$12,0),VALUE(LEFT(TRIM(C32),FIND(" ",TRIM(C32))-1))))),"") -> 46310 | CM32: =IFERROR(IF(TRIM(D32)="","",IF(ISNUMBER(D32),D32,DATE(2026,MATCH(LEFT(MID(TRIM(D32),FIND(" ",TRIM(D32))+1,9),3),Lists!$A$1:$A$12,0),VALUE(LEFT(TRIM(D32),FIND(" ",TRIM(D32))-1))))),"") -> 46316
A33: Pause after a rejected rep with fix text; walk-away ends the session | C33: 20 Oct | D33: 22 Oct | E33: =IF(OR(CL33="",CM33=""),"",CM33-CL33+1) -> 3 | F33: Done | CJ33: Task | CL33: =IFERROR(IF(TRIM(C33)="","",IF(ISNUMBER(C33),C33,DATE(2026,MATCH(LEFT(MID(TRIM(C33),FIND(" ",TRIM(C33))+1,9),3),Lists!$A$1:$A$12,0),VALUE(LEFT(TRIM(C33),FIND(" ",TRIM(C33))-1))))),"") -> 46315 | CM33: =IFERROR(IF(TRIM(D33)="","",IF(ISNUMBER(D33),D33,DATE(2026,MATCH(LEFT(MID(TRIM(D33),FIND(" ",TRIM(D33))+1,9),3),Lists!$A$1:$A$12,0),VALUE(LEFT(TRIM(D33),FIND(" ",TRIM(D33))-1))))),"") -> 46317
A34: Wrist-height tempo and lowering-speed check | C34: 26 Oct | D34: 27 Oct | E34: =IF(OR(CL34="",CM34=""),"",CM34-CL34+1) -> 2 | F34: Done | CJ34: Task | CL34: =IFERROR(IF(TRIM(C34)="","",IF(ISNUMBER(C34),C34,DATE(2026,MATCH(LEFT(MID(TRIM(C34),FIND(" ",TRIM(C34))+1,9),3),Lists!$A$1:$A$12,0),VALUE(LEFT(TRIM(C34),FIND(" ",TRIM(C34))-1))))),"") -> 46321 | CM34: =IFERROR(IF(TRIM(D34)="","",IF(ISNUMBER(D34),D34,DATE(2026,MATCH(LEFT(MID(TRIM(D34),FIND(" ",TRIM(D34))+1,9),3),Lists!$A$1:$A$12,0),VALUE(LEFT(TRIM(D34),FIND(" ",TRIM(D34))-1))))),"") -> 46322
A35: 7. Test OpenCV/MediaPipe detection under varying lighting conditions | B35: W7 | C35: =DAY(CL35)&" "&INDEX(Lists!$A$1:$A$12,MONTH(CL35)) -> 20 Oct | D35: =DAY(CM35)&" "&INDEX(Lists!$A$1:$A$12,MONTH(CM35)) -> 11 Nov | E35: =CM35-CL35+1 -> 23 | F35: =IF(COUNTIF(F36:F37,"Done")=2,"Done",IF(COUNTIF(F36:F37,"Not started")=2,"Not started","In progress")) -> In progress | CJ35: Heading | CL35: =MIN(CL36:CL37) -> 46315 | CM35: =MAX(CM36:CM37) -> 46337
A36: Record test clips for repeatable testing (tools/record_clips.py) | C36: 20 Oct | D36: 27 Oct | E36: =IF(OR(CL36="",CM36=""),"",CM36-CL36+1) -> 8 | F36: Done | CJ36: Task | CL36: =IFERROR(IF(TRIM(C36)="","",IF(ISNUMBER(C36),C36,DATE(2026,MATCH(LEFT(MID(TRIM(C36),FIND(" ",TRIM(C36))+1,9),3),Lists!$A$1:$A$12,0),VALUE(LEFT(TRIM(C36),FIND(" ",TRIM(C36))-1))))),"") -> 46315 | CM36: =IFERROR(IF(TRIM(D36)="","",IF(ISNUMBER(D36),D36,DATE(2026,MATCH(LEFT(MID(TRIM(D36),FIND(" ",TRIM(D36))+1,9),3),Lists!$A$1:$A$12,0),VALUE(LEFT(TRIM(D36),FIND(" ",TRIM(D36))-1))))),"") -> 46322
A37: Lighting tests (bright, dim, backlit) and record results | C37: 9 Nov | D37: 11 Nov | E37: =IF(OR(CL37="",CM37=""),"",CM37-CL37+1) -> 3 | F37: Not started | CJ37: Task | CL37: =IFERROR(IF(TRIM(C37)="","",IF(ISNUMBER(C37),C37,DATE(2026,MATCH(LEFT(MID(TRIM(C37),FIND(" ",TRIM(C37))+1,9),3),Lists!$A$1:$A$12,0),VALUE(LEFT(TRIM(C37),FIND(" ",TRIM(C37))-1))))),"") -> 46335 | CM37: =IFERROR(IF(TRIM(D37)="","",IF(ISNUMBER(D37),D37,DATE(2026,MATCH(LEFT(MID(TRIM(D37),FIND(" ",TRIM(D37))+1,9),3),Lists!$A$1:$A$12,0),VALUE(LEFT(TRIM(D37),FIND(" ",TRIM(D37))-1))))),"") -> 46337
A38: 8. Test detection under varying distances/backgrounds; tune thresholds for stability | B38: W8 | C38: =DAY(CL38)&" "&INDEX(Lists!$A$1:$A$12,MONTH(CL38)) -> 8 Oct | D38: =DAY(CM38)&" "&INDEX(Lists!$A$1:$A$12,MONTH(CM38)) -> 12 Nov | E38: =CM38-CL38+1 -> 36 | F38: =IF(COUNTIF(F39:F41,"Done")=3,"Done",IF(COUNTIF(F39:F41,"Not started")=3,"Not started","In progress")) -> In progress | CJ38: Heading | CL38: =MIN(CL39:CL41) -> 46303 | CM38: =MAX(CM39:CM41) -> 46338
A39: Tune angle, visibility and confidence thresholds | C39: 8 Oct | D39: 27 Oct | E39: =IF(OR(CL39="",CM39=""),"",CM39-CL39+1) -> 20 | F39: Done | CJ39: Task | CL39: =IFERROR(IF(TRIM(C39)="","",IF(ISNUMBER(C39),C39,DATE(2026,MATCH(LEFT(MID(TRIM(C39),FIND(" ",TRIM(C39))+1,9),3),Lists!$A$1:$A$12,0),VALUE(LEFT(TRIM(C39),FIND(" ",TRIM(C39))-1))))),"") -> 46303 | CM39: =IFERROR(IF(TRIM(D39)="","",IF(ISNUMBER(D39),D39,DATE(2026,MATCH(LEFT(MID(TRIM(D39),FIND(" ",TRIM(D39))+1,9),3),Lists!$A$1:$A$12,0),VALUE(LEFT(TRIM(D39),FIND(" ",TRIM(D39))-1))))),"") -> 46322
A40: Distance and background tests and record results | C40: 10 Nov | D40: 12 Nov | E40: =IF(OR(CL40="",CM40=""),"",CM40-CL40+1) -> 3 | F40: Not started | CJ40: Task | CL40: =IFERROR(IF(TRIM(C40)="","",IF(ISNUMBER(C40),C40,DATE(2026,MATCH(LEFT(MID(TRIM(C40),FIND(" ",TRIM(C40))+1,9),3),Lists!$A$1:$A$12,0),VALUE(LEFT(TRIM(C40),FIND(" ",TRIM(C40))-1))))),"") -> 46336 | CM40: =IFERROR(IF(TRIM(D40)="","",IF(ISNUMBER(D40),D40,DATE(2026,MATCH(LEFT(MID(TRIM(D40),FIND(" ",TRIM(D40))+1,9),3),Lists!$A$1:$A$12,0),VALUE(LEFT(TRIM(D40),FIND(" ",TRIM(D40))-1))))),"") -> 46338
A41: Frame-rate check on the Pi 5 (CNN every 3rd frame, camera watchdog) | C41: 27 Oct | D41: 6 Nov | E41: =IF(OR(CL41="",CM41=""),"",CM41-CL41+1) -> 11 | F41: In progress | CJ41: Task | CL41: =IFERROR(IF(TRIM(C41)="","",IF(ISNUMBER(C41),C41,DATE(2026,MATCH(LEFT(MID(TRIM(C41),FIND(" ",TRIM(C41))+1,9),3),Lists!$A$1:$A$12,0),VALUE(LEFT(TRIM(C41),FIND(" ",TRIM(C41))-1))))),"") -> 46322 | CM41: =IFERROR(IF(TRIM(D41)="","",IF(ISNUMBER(D41),D41,DATE(2026,MATCH(LEFT(MID(TRIM(D41),FIND(" ",TRIM(D41))+1,9),3),Lists!$A$1:$A$12,0),VALUE(LEFT(TRIM(D41),FIND(" ",TRIM(D41))-1))))),"") -> 46332
A42: 9. Develop supporting modules: display overlay, GPIO feedback, calorie tracking, session logging (CSV) | B42: W9 | C42: =DAY(CL42)&" "&INDEX(Lists!$A$1:$A$12,MONTH(CL42)) -> 21 Sep | D42: =DAY(CM42)&" "&INDEX(Lists!$A$1:$A$12,MONTH(CM42)) -> 6 Nov | E42: =CM42-CL42+1 -> 47 | F42: =IF(COUNTIF(F43:F47,"Done")=5,"Done",IF(COUNTIF(F43:F47,"Not started")=5,"Not started","In progress")) -> In progress | CJ42: Heading | CL42: =MIN(CL43:CL47) -> 46286 | CM42: =MAX(CM43:CM47) -> 46332
A43: On-screen overlay, debug view, start-up demo and full screen | C43: 21 Sep | D43: 27 Oct | E43: =IF(OR(CL43="",CM43=""),"",CM43-CL43+1) -> 37 | F43: Done | CJ43: Task | CL43: =IFERROR(IF(TRIM(C43)="","",IF(ISNUMBER(C43),C43,DATE(2026,MATCH(LEFT(MID(TRIM(C43),FIND(" ",TRIM(C43))+1,9),3),Lists!$A$1:$A$12,0),VALUE(LEFT(TRIM(C43),FIND(" ",TRIM(C43))-1))))),"") -> 46286 | CM43: =IFERROR(IF(TRIM(D43)="","",IF(ISNUMBER(D43),D43,DATE(2026,MATCH(LEFT(MID(TRIM(D43),FIND(" ",TRIM(D43))+1,9),3),Lists!$A$1:$A$12,0),VALUE(LEFT(TRIM(D43),FIND(" ",TRIM(D43))-1))))),"") -> 46322
A44: Calorie estimate (MET 3.5, 2024 Compendium) and session summary | C44: 15 Oct | D44: 22 Oct | E44: =IF(OR(CL44="",CM44=""),"",CM44-CL44+1) -> 8 | F44: Done | CJ44: Task | CL44: =IFERROR(IF(TRIM(C44)="","",IF(ISNUMBER(C44),C44,DATE(2026,MATCH(LEFT(MID(TRIM(C44),FIND(" ",TRIM(C44))+1,9),3),Lists!$A$1:$A$12,0),VALUE(LEFT(TRIM(C44),FIND(" ",TRIM(C44))-1))))),"") -> 46310 | CM44: =IFERROR(IF(TRIM(D44)="","",IF(ISNUMBER(D44),D44,DATE(2026,MATCH(LEFT(MID(TRIM(D44),FIND(" ",TRIM(D44))+1,9),3),Lists!$A$1:$A$12,0),VALUE(LEFT(TRIM(D44),FIND(" ",TRIM(D44))-1))))),"") -> 46317
A45: CSV session log and Flask phone app: accounts, QR login, history | C45: 15 Oct | D45: 27 Oct | E45: =IF(OR(CL45="",CM45=""),"",CM45-CL45+1) -> 13 | F45: Done | CJ45: Task | CL45: =IFERROR(IF(TRIM(C45)="","",IF(ISNUMBER(C45),C45,DATE(2026,MATCH(LEFT(MID(TRIM(C45),FIND(" ",TRIM(C45))+1,9),3),Lists!$A$1:$A$12,0),VALUE(LEFT(TRIM(C45),FIND(" ",TRIM(C45))-1))))),"") -> 46310 | CM45: =IFERROR(IF(TRIM(D45)="","",IF(ISNUMBER(D45),D45,DATE(2026,MATCH(LEFT(MID(TRIM(D45),FIND(" ",TRIM(D45))+1,9),3),Lists!$A$1:$A$12,0),VALUE(LEFT(TRIM(D45),FIND(" ",TRIM(D45))-1))))),"") -> 46322
A46: Goal for the next session from guidelines (ACSM 2009, WHO 2020) | C46: 19 Oct | D46: 22 Oct | E46: =IF(OR(CL46="",CM46=""),"",CM46-CL46+1) -> 4 | F46: Done | CJ46: Task | CL46: =IFERROR(IF(TRIM(C46)="","",IF(ISNUMBER(C46),C46,DATE(2026,MATCH(LEFT(MID(TRIM(C46),FIND(" ",TRIM(C46))+1,9),3),Lists!$A$1:$A$12,0),VALUE(LEFT(TRIM(C46),FIND(" ",TRIM(C46))-1))))),"") -> 46314 | CM46: =IFERROR(IF(TRIM(D46)="","",IF(ISNUMBER(D46),D46,DATE(2026,MATCH(LEFT(MID(TRIM(D46),FIND(" ",TRIM(D46))+1,9),3),Lists!$A$1:$A$12,0),VALUE(LEFT(TRIM(D46),FIND(" ",TRIM(D46))-1))))),"") -> 46317
A47: GPIO feedback module with the LEDs and buzzer (moved) | C47: 4 Nov | D47: 6 Nov | E47: =IF(OR(CL47="",CM47=""),"",CM47-CL47+1) -> 3 | F47: Not started | CJ47: Task | CL47: =IFERROR(IF(TRIM(C47)="","",IF(ISNUMBER(C47),C47,DATE(2026,MATCH(LEFT(MID(TRIM(C47),FIND(" ",TRIM(C47))+1,9),3),Lists!$A$1:$A$12,0),VALUE(LEFT(TRIM(C47),FIND(" ",TRIM(C47))-1))))),"") -> 46330 | CM47: =IFERROR(IF(TRIM(D47)="","",IF(ISNUMBER(D47),D47,DATE(2026,MATCH(LEFT(MID(TRIM(D47),FIND(" ",TRIM(D47))+1,9),3),Lists!$A$1:$A$12,0),VALUE(LEFT(TRIM(D47),FIND(" ",TRIM(D47))-1))))),"") -> 46332
A48: 10. Design and 3D print the Raspberry Pi/display/LED enclosure (Bambu Lab X1 Carbon, PLA) | B48: W10 | C48: =DAY(CL48)&" "&INDEX(Lists!$A$1:$A$12,MONTH(CL48)) -> 2 Oct | D48: =DAY(CM48)&" "&INDEX(Lists!$A$1:$A$12,MONTH(CM48)) -> 13 Nov | E48: =CM48-CL48+1 -> 43 | F48: =IF(COUNTIF(F49:F52,"Done")=4,"Done",IF(COUNTIF(F49:F52,"Not started")=4,"Not started","In progress")) -> In progress | CJ48: Heading | CL48: =MIN(CL49:CL52) -> 46297 | CM48: =MAX(CM49:CM52) -> 46339
A49: Enclosure CAD in Fusion 360 (tray, port openings, hinged lid) | C49: 2 Oct | D49: 6 Nov | E49: =IF(OR(CL49="",CM49=""),"",CM49-CL49+1) -> 36 | F49: In progress | CJ49: Task | CL49: =IFERROR(IF(TRIM(C49)="","",IF(ISNUMBER(C49),C49,DATE(2026,MATCH(LEFT(MID(TRIM(C49),FIND(" ",TRIM(C49))+1,9),3),Lists!$A$1:$A$12,0),VALUE(LEFT(TRIM(C49),FIND(" ",TRIM(C49))-1))))),"") -> 46297 | CM49: =IFERROR(IF(TRIM(D49)="","",IF(ISNUMBER(D49),D49,DATE(2026,MATCH(LEFT(MID(TRIM(D49),FIND(" ",TRIM(D49))+1,9),3),Lists!$A$1:$A$12,0),VALUE(LEFT(TRIM(D49),FIND(" ",TRIM(D49))-1))))),"") -> 46332
A50: Polished design (supervisor): rounded shape, camera mounts, cable routing, logo | C50: 2 Nov | D50: 8 Nov | E50: =IF(OR(CL50="",CM50=""),"",CM50-CL50+1) -> 7 | F50: Not started | CJ50: Task | CL50: =IFERROR(IF(TRIM(C50)="","",IF(ISNUMBER(C50),C50,DATE(2026,MATCH(LEFT(MID(TRIM(C50),FIND(" ",TRIM(C50))+1,9),3),Lists!$A$1:$A$12,0),VALUE(LEFT(TRIM(C50),FIND(" ",TRIM(C50))-1))))),"") -> 46328 | CM50: =IFERROR(IF(TRIM(D50)="","",IF(ISNUMBER(D50),D50,DATE(2026,MATCH(LEFT(MID(TRIM(D50),FIND(" ",TRIM(D50))+1,9),3),Lists!$A$1:$A$12,0),VALUE(LEFT(TRIM(D50),FIND(" ",TRIM(D50))-1))))),"") -> 46334
A51: Test-print one section and check the fit | C51: 7 Nov | D51: 9 Nov | E51: =IF(OR(CL51="",CM51=""),"",CM51-CL51+1) -> 3 | F51: Not started | CJ51: Task | CL51: =IFERROR(IF(TRIM(C51)="","",IF(ISNUMBER(C51),C51,DATE(2026,MATCH(LEFT(MID(TRIM(C51),FIND(" ",TRIM(C51))+1,9),3),Lists!$A$1:$A$12,0),VALUE(LEFT(TRIM(C51),FIND(" ",TRIM(C51))-1))))),"") -> 46333 | CM51: =IFERROR(IF(TRIM(D51)="","",IF(ISNUMBER(D51),D51,DATE(2026,MATCH(LEFT(MID(TRIM(D51),FIND(" ",TRIM(D51))+1,9),3),Lists!$A$1:$A$12,0),VALUE(LEFT(TRIM(D51),FIND(" ",TRIM(D51))-1))))),"") -> 46335
A52: Print the full enclosure and finish it (sanding, two colours) | C52: 10 Nov | D52: 13 Nov | E52: =IF(OR(CL52="",CM52=""),"",CM52-CL52+1) -> 4 | F52: Not started | CJ52: Task | CL52: =IFERROR(IF(TRIM(C52)="","",IF(ISNUMBER(C52),C52,DATE(2026,MATCH(LEFT(MID(TRIM(C52),FIND(" ",TRIM(C52))+1,9),3),Lists!$A$1:$A$12,0),VALUE(LEFT(TRIM(C52),FIND(" ",TRIM(C52))-1))))),"") -> 46336 | CM52: =IFERROR(IF(TRIM(D52)="","",IF(ISNUMBER(D52),D52,DATE(2026,MATCH(LEFT(MID(TRIM(D52),FIND(" ",TRIM(D52))+1,9),3),Lists!$A$1:$A$12,0),VALUE(LEFT(TRIM(D52),FIND(" ",TRIM(D52))-1))))),"") -> 46339
A53: 11. Assemble hardware into the enclosure; integrate pipeline on Raspberry Pi 5 (camera, GPIO, Flask endpoint) | B53: W11 | C53: =DAY(CL53)&" "&INDEX(Lists!$A$1:$A$12,MONTH(CL53)) -> 21 Oct | D53: =DAY(CM53)&" "&INDEX(Lists!$A$1:$A$12,MONTH(CM53)) -> 15 Nov | E53: =CM53-CL53+1 -> 26 | F53: =IF(COUNTIF(F54:F55,"Done")=2,"Done",IF(COUNTIF(F54:F55,"Not started")=2,"Not started","In progress")) -> In progress | CJ53: Heading | CL53: =MIN(CL54:CL55) -> 46316 | CM53: =MAX(CM54:CM55) -> 46341
A54: Integrate the software on the Pi (both cameras, Flask app) | C54: 21 Oct | D54: 27 Oct | E54: =IF(OR(CL54="",CM54=""),"",CM54-CL54+1) -> 7 | F54: Done | CJ54: Task | CL54: =IFERROR(IF(TRIM(C54)="","",IF(ISNUMBER(C54),C54,DATE(2026,MATCH(LEFT(MID(TRIM(C54),FIND(" ",TRIM(C54))+1,9),3),Lists!$A$1:$A$12,0),VALUE(LEFT(TRIM(C54),FIND(" ",TRIM(C54))-1))))),"") -> 46316 | CM54: =IFERROR(IF(TRIM(D54)="","",IF(ISNUMBER(D54),D54,DATE(2026,MATCH(LEFT(MID(TRIM(D54),FIND(" ",TRIM(D54))+1,9),3),Lists!$A$1:$A$12,0),VALUE(LEFT(TRIM(D54),FIND(" ",TRIM(D54))-1))))),"") -> 46322
A55: Mount the Pi, cameras, LEDs and buzzer in the enclosure | C55: 13 Nov | D55: 15 Nov | E55: =IF(OR(CL55="",CM55=""),"",CM55-CL55+1) -> 3 | F55: Not started | CJ55: Task | CL55: =IFERROR(IF(TRIM(C55)="","",IF(ISNUMBER(C55),C55,DATE(2026,MATCH(LEFT(MID(TRIM(C55),FIND(" ",TRIM(C55))+1,9),3),Lists!$A$1:$A$12,0),VALUE(LEFT(TRIM(C55),FIND(" ",TRIM(C55))-1))))),"") -> 46339 | CM55: =IFERROR(IF(TRIM(D55)="","",IF(ISNUMBER(D55),D55,DATE(2026,MATCH(LEFT(MID(TRIM(D55),FIND(" ",TRIM(D55))+1,9),3),Lists!$A$1:$A$12,0),VALUE(LEFT(TRIM(D55),FIND(" ",TRIM(D55))-1))))),"") -> 46341
A56: 12. End-to-end system testing and accuracy/reliability evaluation; write and finalise report; submission buffer | B56: W12 | C56: =DAY(CL56)&" "&INDEX(Lists!$A$1:$A$12,MONTH(CL56)) -> 27 Oct | D56: =DAY(CM56)&" "&INDEX(Lists!$A$1:$A$12,MONTH(CM56)) -> 25 Nov | E56: =CM56-CL56+1 -> 30 | F56: =IF(COUNTIF(F57:F64,"Done")=8,"Done",IF(COUNTIF(F57:F64,"Not started")=8,"Not started","In progress")) -> In progress | CJ56: Heading | CL56: =MIN(CL57:CL64) -> 46322 | CM56: =MAX(CM57:CM64) -> 46351
A57: Repeated test sessions: automated vs manually counted reps | C57: 9 Nov | D57: 14 Nov | E57: =IF(OR(CL57="",CM57=""),"",CM57-CL57+1) -> 6 | F57: Not started | CJ57: Task | CL57: =IFERROR(IF(TRIM(C57)="","",IF(ISNUMBER(C57),C57,DATE(2026,MATCH(LEFT(MID(TRIM(C57),FIND(" ",TRIM(C57))+1,9),3),Lists!$A$1:$A$12,0),VALUE(LEFT(TRIM(C57),FIND(" ",TRIM(C57))-1))))),"") -> 46335 | CM57: =IFERROR(IF(TRIM(D57)="","",IF(ISNUMBER(D57),D57,DATE(2026,MATCH(LEFT(MID(TRIM(D57),FIND(" ",TRIM(D57))+1,9),3),Lists!$A$1:$A$12,0),VALUE(LEFT(TRIM(D57),FIND(" ",TRIM(D57))-1))))),"") -> 46340
A58: Fix issues found; software and hardware complete (code freeze) | C58: 12 Nov | D58: 15 Nov | E58: =IF(OR(CL58="",CM58=""),"",CM58-CL58+1) -> 4 | F58: Not started | CJ58: Task | CL58: =IFERROR(IF(TRIM(C58)="","",IF(ISNUMBER(C58),C58,DATE(2026,MATCH(LEFT(MID(TRIM(C58),FIND(" ",TRIM(C58))+1,9),3),Lists!$A$1:$A$12,0),VALUE(LEFT(TRIM(C58),FIND(" ",TRIM(C58))-1))))),"") -> 46338 | CM58: =IFERROR(IF(TRIM(D58)="","",IF(ISNUMBER(D58),D58,DATE(2026,MATCH(LEFT(MID(TRIM(D58),FIND(" ",TRIM(D58))+1,9),3),Lists!$A$1:$A$12,0),VALUE(LEFT(TRIM(D58),FIND(" ",TRIM(D58))-1))))),"") -> 46341
A59: Demo videos on Google Drive (bicep curl, exit session) | C59: 27 Oct | D59: 28 Oct | E59: =IF(OR(CL59="",CM59=""),"",CM59-CL59+1) -> 2 | F59: Done | CJ59: Task | CL59: =IFERROR(IF(TRIM(C59)="","",IF(ISNUMBER(C59),C59,DATE(2026,MATCH(LEFT(MID(TRIM(C59),FIND(" ",TRIM(C59))+1,9),3),Lists!$A$1:$A$12,0),VALUE(LEFT(TRIM(C59),FIND(" ",TRIM(C59))-1))))),"") -> 46322 | CM59: =IFERROR(IF(TRIM(D59)="","",IF(ISNUMBER(D59),D59,DATE(2026,MATCH(LEFT(MID(TRIM(D59),FIND(" ",TRIM(D59))+1,9),3),Lists!$A$1:$A$12,0),VALUE(LEFT(TRIM(D59),FIND(" ",TRIM(D59))-1))))),"") -> 46323
A60: Final demo video and results for the report | C60: 14 Nov | D60: 16 Nov | E60: =IF(OR(CL60="",CM60=""),"",CM60-CL60+1) -> 3 | F60: Not started | CJ60: Task | CL60: =IFERROR(IF(TRIM(C60)="","",IF(ISNUMBER(C60),C60,DATE(2026,MATCH(LEFT(MID(TRIM(C60),FIND(" ",TRIM(C60))+1,9),3),Lists!$A$1:$A$12,0),VALUE(LEFT(TRIM(C60),FIND(" ",TRIM(C60))-1))))),"") -> 46340 | CM60: =IFERROR(IF(TRIM(D60)="","",IF(ISNUMBER(D60),D60,DATE(2026,MATCH(LEFT(MID(TRIM(D60),FIND(" ",TRIM(D60))+1,9),3),Lists!$A$1:$A$12,0),VALUE(LEFT(TRIM(D60),FIND(" ",TRIM(D60))-1))))),"") -> 46342
A61: Report: introduction, literature review, methodology | C61: 2 Nov | D61: 13 Nov | E61: =IF(OR(CL61="",CM61=""),"",CM61-CL61+1) -> 12 | F61: Not started | CJ61: Task | CL61: =IFERROR(IF(TRIM(C61)="","",IF(ISNUMBER(C61),C61,DATE(2026,MATCH(LEFT(MID(TRIM(C61),FIND(" ",TRIM(C61))+1,9),3),Lists!$A$1:$A$12,0),VALUE(LEFT(TRIM(C61),FIND(" ",TRIM(C61))-1))))),"") -> 46328 | CM61: =IFERROR(IF(TRIM(D61)="","",IF(ISNUMBER(D61),D61,DATE(2026,MATCH(LEFT(MID(TRIM(D61),FIND(" ",TRIM(D61))+1,9),3),Lists!$A$1:$A$12,0),VALUE(LEFT(TRIM(D61),FIND(" ",TRIM(D61))-1))))),"") -> 46339
A62: Report: results, discussion, conclusions | C62: 14 Nov | D62: 20 Nov | E62: =IF(OR(CL62="",CM62=""),"",CM62-CL62+1) -> 7 | F62: Not started | CJ62: Task | CL62: =IFERROR(IF(TRIM(C62)="","",IF(ISNUMBER(C62),C62,DATE(2026,MATCH(LEFT(MID(TRIM(C62),FIND(" ",TRIM(C62))+1,9),3),Lists!$A$1:$A$12,0),VALUE(LEFT(TRIM(C62),FIND(" ",TRIM(C62))-1))))),"") -> 46340 | CM62: =IFERROR(IF(TRIM(D62)="","",IF(ISNUMBER(D62),D62,DATE(2026,MATCH(LEFT(MID(TRIM(D62),FIND(" ",TRIM(D62))+1,9),3),Lists!$A$1:$A$12,0),VALUE(LEFT(TRIM(D62),FIND(" ",TRIM(D62))-1))))),"") -> 46346
A63: Report: project management and quality management review | C63: 17 Nov | D63: 21 Nov | E63: =IF(OR(CL63="",CM63=""),"",CM63-CL63+1) -> 5 | F63: Not started | CJ63: Task | CL63: =IFERROR(IF(TRIM(C63)="","",IF(ISNUMBER(C63),C63,DATE(2026,MATCH(LEFT(MID(TRIM(C63),FIND(" ",TRIM(C63))+1,9),3),Lists!$A$1:$A$12,0),VALUE(LEFT(TRIM(C63),FIND(" ",TRIM(C63))-1))))),"") -> 46343 | CM63: =IFERROR(IF(TRIM(D63)="","",IF(ISNUMBER(D63),D63,DATE(2026,MATCH(LEFT(MID(TRIM(D63),FIND(" ",TRIM(D63))+1,9),3),Lists!$A$1:$A$12,0),VALUE(LEFT(TRIM(D63),FIND(" ",TRIM(D63))-1))))),"") -> 46347
A64: Proofread, similarity check (<20%), submit (buffer) | C64: 22 Nov | D64: 25 Nov | E64: =IF(OR(CL64="",CM64=""),"",CM64-CL64+1) -> 4 | F64: Not started | CJ64: Task | CL64: =IFERROR(IF(TRIM(C64)="","",IF(ISNUMBER(C64),C64,DATE(2026,MATCH(LEFT(MID(TRIM(C64),FIND(" ",TRIM(C64))+1,9),3),Lists!$A$1:$A$12,0),VALUE(LEFT(TRIM(C64),FIND(" ",TRIM(C64))-1))))),"") -> 46348 | CM64: =IFERROR(IF(TRIM(D64)="","",IF(ISNUMBER(D64),D64,DATE(2026,MATCH(LEFT(MID(TRIM(D64),FIND(" ",TRIM(D64))+1,9),3),Lists!$A$1:$A$12,0),VALUE(LEFT(TRIM(D64),FIND(" ",TRIM(D64))-1))))),"") -> 46351
A65: 13. Prepare VIVA slides and rehearse the demo (added) | B65: - | C65: =DAY(CL65)&" "&INDEX(Lists!$A$1:$A$12,MONTH(CL65)) -> 26 Nov | D65: =DAY(CM65)&" "&INDEX(Lists!$A$1:$A$12,MONTH(CM65)) -> 1 Dec | E65: =CM65-CL65+1 -> 6 | F65: =IF(COUNTIF(F66:F67,"Done")=2,"Done",IF(COUNTIF(F66:F67,"Not started")=2,"Not started","In progress")) -> Not started | CJ65: Heading | CL65: =MIN(CL66:CL67) -> 46352 | CM65: =MAX(CM66:CM67) -> 46357
A66: Prepare the 8 VIVA slides | C66: 26 Nov | D66: 30 Nov | E66: =IF(OR(CL66="",CM66=""),"",CM66-CL66+1) -> 5 | F66: Not started | CJ66: Task | CL66: =IFERROR(IF(TRIM(C66)="","",IF(ISNUMBER(C66),C66,DATE(2026,MATCH(LEFT(MID(TRIM(C66),FIND(" ",TRIM(C66))+1,9),3),Lists!$A$1:$A$12,0),VALUE(LEFT(TRIM(C66),FIND(" ",TRIM(C66))-1))))),"") -> 46352 | CM66: =IFERROR(IF(TRIM(D66)="","",IF(ISNUMBER(D66),D66,DATE(2026,MATCH(LEFT(MID(TRIM(D66),FIND(" ",TRIM(D66))+1,9),3),Lists!$A$1:$A$12,0),VALUE(LEFT(TRIM(D66),FIND(" ",TRIM(D66))-1))))),"") -> 46356
A67: Rehearse the presentation and live demo | C67: 28 Nov | D67: 1 Dec | E67: =IF(OR(CL67="",CM67=""),"",CM67-CL67+1) -> 4 | F67: Not started | CJ67: Task | CL67: =IFERROR(IF(TRIM(C67)="","",IF(ISNUMBER(C67),C67,DATE(2026,MATCH(LEFT(MID(TRIM(C67),FIND(" ",TRIM(C67))+1,9),3),Lists!$A$1:$A$12,0),VALUE(LEFT(TRIM(C67),FIND(" ",TRIM(C67))-1))))),"") -> 46354 | CM67: =IFERROR(IF(TRIM(D67)="","",IF(ISNUMBER(D67),D67,DATE(2026,MATCH(LEFT(MID(TRIM(D67),FIND(" ",TRIM(D67))+1,9),3),Lists!$A$1:$A$12,0),VALUE(LEFT(TRIM(D67),FIND(" ",TRIM(D67))-1))))),"") -> 46357
A68: 14. Two-camera approach (added) | B68: - | C68: =DAY(CL68)&" "&INDEX(Lists!$A$1:$A$12,MONTH(CL68)) -> 12 Oct | D68: =DAY(CM68)&" "&INDEX(Lists!$A$1:$A$12,MONTH(CM68)) -> 28 Oct | E68: =CM68-CL68+1 -> 17 | F68: =IF(COUNTIF(F69:F71,"Done")=3,"Done",IF(COUNTIF(F69:F71,"Not started")=3,"Not started","In progress")) -> Done | CJ68: Heading | CL68: =MIN(CL69:CL71) -> 46307 | CM68: =MAX(CM69:CM71) -> 46323
A69: AI Camera at the front + USB webcam at the side; fist/palm from both views | C69: 12 Oct | D69: 21 Oct | E69: =IF(OR(CL69="",CM69=""),"",CM69-CL69+1) -> 10 | F69: Done | CJ69: Task | CL69: =IFERROR(IF(TRIM(C69)="","",IF(ISNUMBER(C69),C69,DATE(2026,MATCH(LEFT(MID(TRIM(C69),FIND(" ",TRIM(C69))+1,9),3),Lists!$A$1:$A$12,0),VALUE(LEFT(TRIM(C69),FIND(" ",TRIM(C69))-1))))),"") -> 46307 | CM69: =IFERROR(IF(TRIM(D69)="","",IF(ISNUMBER(D69),D69,DATE(2026,MATCH(LEFT(MID(TRIM(D69),FIND(" ",TRIM(D69))+1,9),3),Lists!$A$1:$A$12,0),VALUE(LEFT(TRIM(D69),FIND(" ",TRIM(D69))-1))))),"") -> 46316
A70: Find the cameras automatically (front / side) | C70: 21 Oct | D70: 22 Oct | E70: =IF(OR(CL70="",CM70=""),"",CM70-CL70+1) -> 2 | F70: Done | CJ70: Task | CL70: =IFERROR(IF(TRIM(C70)="","",IF(ISNUMBER(C70),C70,DATE(2026,MATCH(LEFT(MID(TRIM(C70),FIND(" ",TRIM(C70))+1,9),3),Lists!$A$1:$A$12,0),VALUE(LEFT(TRIM(C70),FIND(" ",TRIM(C70))-1))))),"") -> 46316 | CM70: =IFERROR(IF(TRIM(D70)="","",IF(ISNUMBER(D70),D70,DATE(2026,MATCH(LEFT(MID(TRIM(D70),FIND(" ",TRIM(D70))+1,9),3),Lists!$A$1:$A$12,0),VALUE(LEFT(TRIM(D70),FIND(" ",TRIM(D70))-1))))),"") -> 46317
A71: Review at Session 3: fist direction left as a limitation | C71: 28 Oct | D71: 28 Oct | E71: =IF(OR(CL71="",CM71=""),"",CM71-CL71+1) -> 1 | F71: Done | CJ71: Task | CL71: =IFERROR(IF(TRIM(C71)="","",IF(ISNUMBER(C71),C71,DATE(2026,MATCH(LEFT(MID(TRIM(C71),FIND(" ",TRIM(C71))+1,9),3),Lists!$A$1:$A$12,0),VALUE(LEFT(TRIM(C71),FIND(" ",TRIM(C71))-1))))),"") -> 46323 | CM71: =IFERROR(IF(TRIM(D71)="","",IF(ISNUMBER(D71),D71,DATE(2026,MATCH(LEFT(MID(TRIM(D71),FIND(" ",TRIM(D71))+1,9),3),Lists!$A$1:$A$12,0),VALUE(LEFT(TRIM(D71),FIND(" ",TRIM(D71))-1))))),"") -> 46323
A72: 15. Weight-in-hand CNN (added) | B72: - | C72: =DAY(CL72)&" "&INDEX(Lists!$A$1:$A$12,MONTH(CL72)) -> 27 Oct | D72: =DAY(CM72)&" "&INDEX(Lists!$A$1:$A$12,MONTH(CM72)) -> 10 Nov | E72: =CM72-CL72+1 -> 15 | F72: =IF(COUNTIF(F73:F76,"Done")=4,"Done",IF(COUNTIF(F73:F76,"Not started")=4,"Not started","In progress")) -> In progress | CJ72: Heading | CL72: =MIN(CL73:CL76) -> 46322 | CM72: =MAX(CM73:CM76) -> 46336
A73: Collect labelled hand crops (about 9,500, front + side) | C73: 27 Oct | D73: 27 Oct | E73: =IF(OR(CL73="",CM73=""),"",CM73-CL73+1) -> 1 | F73: Done | CJ73: Task | CL73: =IFERROR(IF(TRIM(C73)="","",IF(ISNUMBER(C73),C73,DATE(2026,MATCH(LEFT(MID(TRIM(C73),FIND(" ",TRIM(C73))+1,9),3),Lists!$A$1:$A$12,0),VALUE(LEFT(TRIM(C73),FIND(" ",TRIM(C73))-1))))),"") -> 46322 | CM73: =IFERROR(IF(TRIM(D73)="","",IF(ISNUMBER(D73),D73,DATE(2026,MATCH(LEFT(MID(TRIM(D73),FIND(" ",TRIM(D73))+1,9),3),Lists!$A$1:$A$12,0),VALUE(LEFT(TRIM(D73),FIND(" ",TRIM(D73))-1))))),"") -> 46322
A74: Fine-tune MobileNetV3-Small, export ONNX, run with OpenCV (98.5 %) | C74: 27 Oct | D74: 27 Oct | E74: =IF(OR(CL74="",CM74=""),"",CM74-CL74+1) -> 1 | F74: Done | CJ74: Task | CL74: =IFERROR(IF(TRIM(C74)="","",IF(ISNUMBER(C74),C74,DATE(2026,MATCH(LEFT(MID(TRIM(C74),FIND(" ",TRIM(C74))+1,9),3),Lists!$A$1:$A$12,0),VALUE(LEFT(TRIM(C74),FIND(" ",TRIM(C74))-1))))),"") -> 46322 | CM74: =IFERROR(IF(TRIM(D74)="","",IF(ISNUMBER(D74),D74,DATE(2026,MATCH(LEFT(MID(TRIM(D74),FIND(" ",TRIM(D74))+1,9),3),Lists!$A$1:$A$12,0),VALUE(LEFT(TRIM(D74),FIND(" ",TRIM(D74))-1))))),"") -> 46322
A75: Feasibility test: AI Camera on-chip object detector | C75: 31 Oct | D75: 31 Oct | E75: =IF(OR(CL75="",CM75=""),"",CM75-CL75+1) -> 1 | F75: Done | CJ75: Task | CL75: =IFERROR(IF(TRIM(C75)="","",IF(ISNUMBER(C75),C75,DATE(2026,MATCH(LEFT(MID(TRIM(C75),FIND(" ",TRIM(C75))+1,9),3),Lists!$A$1:$A$12,0),VALUE(LEFT(TRIM(C75),FIND(" ",TRIM(C75))-1))))),"") -> 46326 | CM75: =IFERROR(IF(TRIM(D75)="","",IF(ISNUMBER(D75),D75,DATE(2026,MATCH(LEFT(MID(TRIM(D75),FIND(" ",TRIM(D75))+1,9),3),Lists!$A$1:$A$12,0),VALUE(LEFT(TRIM(D75),FIND(" ",TRIM(D75))-1))))),"") -> 46326
A76: Round 3 data: 3D-printed dumbbell, other objects and people | C76: 3 Nov | D76: 10 Nov | E76: =IF(OR(CL76="",CM76=""),"",CM76-CL76+1) -> 8 | F76: Not started | CJ76: Task | CL76: =IFERROR(IF(TRIM(C76)="","",IF(ISNUMBER(C76),C76,DATE(2026,MATCH(LEFT(MID(TRIM(C76),FIND(" ",TRIM(C76))+1,9),3),Lists!$A$1:$A$12,0),VALUE(LEFT(TRIM(C76),FIND(" ",TRIM(C76))-1))))),"") -> 46329 | CM76: =IFERROR(IF(TRIM(D76)="","",IF(ISNUMBER(D76),D76,DATE(2026,MATCH(LEFT(MID(TRIM(D76),FIND(" ",TRIM(D76))+1,9),3),Lists!$A$1:$A$12,0),VALUE(LEFT(TRIM(D76),FIND(" ",TRIM(D76))-1))))),"") -> 46336
A77: 16. Extra features suggested by the supervisor at Session 3 (added) | B77: - | C77: =DAY(CL77)&" "&INDEX(Lists!$A$1:$A$12,MONTH(CL77)) -> 2 Nov | D77: =DAY(CM77)&" "&INDEX(Lists!$A$1:$A$12,MONTH(CM77)) -> 13 Nov | E77: =CM77-CL77+1 -> 12 | F77: =IF(COUNTIF(F78:F80,"Done")=3,"Done",IF(COUNTIF(F78:F80,"Not started")=3,"Not started","In progress")) -> Not started | CJ77: Heading | CL77: =MIN(CL78:CL80) -> 46328 | CM77: =MAX(CM78:CM80) -> 46339
A78: Personalised session report (PDF from the phone app) | C78: 2 Nov | D78: 9 Nov | E78: =IF(OR(CL78="",CM78=""),"",CM78-CL78+1) -> 8 | F78: Not started | CJ78: Task | CL78: =IFERROR(IF(TRIM(C78)="","",IF(ISNUMBER(C78),C78,DATE(2026,MATCH(LEFT(MID(TRIM(C78),FIND(" ",TRIM(C78))+1,9),3),Lists!$A$1:$A$12,0),VALUE(LEFT(TRIM(C78),FIND(" ",TRIM(C78))-1))))),"") -> 46328 | CM78: =IFERROR(IF(TRIM(D78)="","",IF(ISNUMBER(D78),D78,DATE(2026,MATCH(LEFT(MID(TRIM(D78),FIND(" ",TRIM(D78))+1,9),3),Lists!$A$1:$A$12,0),VALUE(LEFT(TRIM(D78),FIND(" ",TRIM(D78))-1))))),"") -> 46335
A79: Speech-to-text voice commands (start, stop, summary) - offline | C79: 5 Nov | D79: 13 Nov | E79: =IF(OR(CL79="",CM79=""),"",CM79-CL79+1) -> 9 | F79: Not started | CJ79: Task | CL79: =IFERROR(IF(TRIM(C79)="","",IF(ISNUMBER(C79),C79,DATE(2026,MATCH(LEFT(MID(TRIM(C79),FIND(" ",TRIM(C79))+1,9),3),Lists!$A$1:$A$12,0),VALUE(LEFT(TRIM(C79),FIND(" ",TRIM(C79))-1))))),"") -> 46331 | CM79: =IFERROR(IF(TRIM(D79)="","",IF(ISNUMBER(D79),D79,DATE(2026,MATCH(LEFT(MID(TRIM(D79),FIND(" ",TRIM(D79))+1,9),3),Lists!$A$1:$A$12,0),VALUE(LEFT(TRIM(D79),FIND(" ",TRIM(D79))-1))))),"") -> 46339
A80: Polished 3D chassis - see task 10 | C80: 2 Nov | D80: 13 Nov | E80: =IF(OR(CL80="",CM80=""),"",CM80-CL80+1) -> 12 | F80: Not started | CJ80: Task | CL80: =IFERROR(IF(TRIM(C80)="","",IF(ISNUMBER(C80),C80,DATE(2026,MATCH(LEFT(MID(TRIM(C80),FIND(" ",TRIM(C80))+1,9),3),Lists!$A$1:$A$12,0),VALUE(LEFT(TRIM(C80),FIND(" ",TRIM(C80))-1))))),"") -> 46328 | CM80: =IFERROR(IF(TRIM(D80)="","",IF(ISNUMBER(D80),D80,DATE(2026,MATCH(LEFT(MID(TRIM(D80),FIND(" ",TRIM(D80))+1,9),3),Lists!$A$1:$A$12,0),VALUE(LEFT(TRIM(D80),FIND(" ",TRIM(D80))-1))))),"") -> 46339
A81: 17. Battery power - if time allows (added) | B81: - | C81: =DAY(CL81)&" "&INDEX(Lists!$A$1:$A$12,MONTH(CL81)) -> 10 Nov | D81: =DAY(CM81)&" "&INDEX(Lists!$A$1:$A$12,MONTH(CM81)) -> 14 Nov | E81: =CM81-CL81+1 -> 5 | F81: =IF(COUNTIF(F82:F82,"Done")=1,"Done",IF(COUNTIF(F82:F82,"Not started")=1,"Not started","In progress")) -> Not started | CJ81: Heading | CL81: =MIN(CL82:CL82) -> 46336 | CM81: =MAX(CM82:CM82) -> 46340
A82: Battery path (fuse, SB560 diode, HW-688) and load test (optional) | C82: 10 Nov | D82: 14 Nov | E82: =IF(OR(CL82="",CM82=""),"",CM82-CL82+1) -> 5 | F82: Not started | CJ82: Task | CK82: Yes | CL82: =IFERROR(IF(TRIM(C82)="","",IF(ISNUMBER(C82),C82,DATE(2026,MATCH(LEFT(MID(TRIM(C82),FIND(" ",TRIM(C82))+1,9),3),Lists!$A$1:$A$12,0),VALUE(LEFT(TRIM(C82),FIND(" ",TRIM(C82))-1))))),"") -> 46336 | CM82: =IFERROR(IF(TRIM(D82)="","",IF(ISNUMBER(D82),D82,DATE(2026,MATCH(LEFT(MID(TRIM(D82),FIND(" ",TRIM(D82))+1,9),3),Lists!$A$1:$A$12,0),VALUE(LEFT(TRIM(D82),FIND(" ",TRIM(D82))-1))))),"") -> 46340
A83: Milestones | CJ83: Heading2
A84: ◆ Session 1 - Project review 1 (Logbook 5) | C84: 23 Sep | D84: =IF(CL84="","",DAY(CL84)&" "&INDEX(Lists!$A$1:$A$12,MONTH(CL84))) -> 23 Sep | E84: 0 | F84: Done | G84: =IF(G$5=$CL84,"◆","") | H84: =IF(H$5=$CL84,"◆","") | I84: =IF(I$5=$CL84,"◆","") | J84: =IF(J$5=$CL84,"◆","") | K84: =IF(K$5=$CL84,"◆","") | L84: =IF(L$5=$CL84,"◆","") | M84: =IF(M$5=$CL84,"◆","") | N84: =IF(N$5=$CL84,"◆","") | ... CH84: =IF(CH$5=$CL84,"◆","") | CJ84: Milestone | CL84: =IFERROR(IF(TRIM(C84)="","",IF(ISNUMBER(C84),C84,DATE(2026,MATCH(LEFT(MID(TRIM(C84),FIND(" ",TRIM(C84))+1,9),3),Lists!$A$1:$A$12,0),VALUE(LEFT(TRIM(C84),FIND(" ",TRIM(C84))-1))))),"") -> 46288 | CM84: =CL84 -> 46288
A85: ◆ Session 2 - Project review 2 (Logbook 6) | C85: 7 Oct | D85: =IF(CL85="","",DAY(CL85)&" "&INDEX(Lists!$A$1:$A$12,MONTH(CL85))) -> 7 Oct | E85: 0 | F85: Done | G85: =IF(G$5=$CL85,"◆","") | H85: =IF(H$5=$CL85,"◆","") | I85: =IF(I$5=$CL85,"◆","") | J85: =IF(J$5=$CL85,"◆","") | K85: =IF(K$5=$CL85,"◆","") | L85: =IF(L$5=$CL85,"◆","") | M85: =IF(M$5=$CL85,"◆","") | N85: =IF(N$5=$CL85,"◆","") | ... CH85: =IF(CH$5=$CL85,"◆","") | CJ85: Milestone | CL85: =IFERROR(IF(TRIM(C85)="","",IF(ISNUMBER(C85),C85,DATE(2026,MATCH(LEFT(MID(TRIM(C85),FIND(" ",TRIM(C85))+1,9),3),Lists!$A$1:$A$12,0),VALUE(LEFT(TRIM(C85),FIND(" ",TRIM(C85))-1))))),"") -> 46302 | CM85: =CL85 -> 46302
A86: ◆ Software target - reps counted reliably on the Pi | C86: 22 Oct | D86: =IF(CL86="","",DAY(CL86)&" "&INDEX(Lists!$A$1:$A$12,MONTH(CL86))) -> 22 Oct | E86: 0 | F86: Done | G86: =IF(G$5=$CL86,"◆","") | H86: =IF(H$5=$CL86,"◆","") | I86: =IF(I$5=$CL86,"◆","") | J86: =IF(J$5=$CL86,"◆","") | K86: =IF(K$5=$CL86,"◆","") | L86: =IF(L$5=$CL86,"◆","") | M86: =IF(M$5=$CL86,"◆","") | N86: =IF(N$5=$CL86,"◆","") | ... CH86: =IF(CH$5=$CL86,"◆","") | CJ86: Milestone | CL86: =IFERROR(IF(TRIM(C86)="","",IF(ISNUMBER(C86),C86,DATE(2026,MATCH(LEFT(MID(TRIM(C86),FIND(" ",TRIM(C86))+1,9),3),Lists!$A$1:$A$12,0),VALUE(LEFT(TRIM(C86),FIND(" ",TRIM(C86))-1))))),"") -> 46317 | CM86: =CL86 -> 46317
A87: ◆ Session 3 - Project review 3 (Logbook 7) | C87: 28 Oct | D87: =IF(CL87="","",DAY(CL87)&" "&INDEX(Lists!$A$1:$A$12,MONTH(CL87))) -> 28 Oct | E87: 0 | F87: Done | G87: =IF(G$5=$CL87,"◆","") | H87: =IF(H$5=$CL87,"◆","") | I87: =IF(I$5=$CL87,"◆","") | J87: =IF(J$5=$CL87,"◆","") | K87: =IF(K$5=$CL87,"◆","") | L87: =IF(L$5=$CL87,"◆","") | M87: =IF(M$5=$CL87,"◆","") | N87: =IF(N$5=$CL87,"◆","") | ... CH87: =IF(CH$5=$CL87,"◆","") | CJ87: Milestone | CL87: =IFERROR(IF(TRIM(C87)="","",IF(ISNUMBER(C87),C87,DATE(2026,MATCH(LEFT(MID(TRIM(C87),FIND(" ",TRIM(C87))+1,9),3),Lists!$A$1:$A$12,0),VALUE(LEFT(TRIM(C87),FIND(" ",TRIM(C87))-1))))),"") -> 46323 | CM87: =CL87 -> 46323
A88: ◆ Software and hardware complete (code freeze) | C88: 15 Nov | D88: =IF(CL88="","",DAY(CL88)&" "&INDEX(Lists!$A$1:$A$12,MONTH(CL88))) -> 15 Nov | E88: 0 | F88: Not started | G88: =IF(G$5=$CL88,"◆","") | H88: =IF(H$5=$CL88,"◆","") | I88: =IF(I$5=$CL88,"◆","") | J88: =IF(J$5=$CL88,"◆","") | K88: =IF(K$5=$CL88,"◆","") | L88: =IF(L$5=$CL88,"◆","") | M88: =IF(M$5=$CL88,"◆","") | N88: =IF(N$5=$CL88,"◆","") | ... CH88: =IF(CH$5=$CL88,"◆","") | CJ88: Milestone | CL88: =IFERROR(IF(TRIM(C88)="","",IF(ISNUMBER(C88),C88,DATE(2026,MATCH(LEFT(MID(TRIM(C88),FIND(" ",TRIM(C88))+1,9),3),Lists!$A$1:$A$12,0),VALUE(LEFT(TRIM(C88),FIND(" ",TRIM(C88))-1))))),"") -> 46341 | CM88: =CL88 -> 46341
A89: ◆ Session 4 - Project review 4 (Logbook 8) | C89: 18 Nov | D89: =IF(CL89="","",DAY(CL89)&" "&INDEX(Lists!$A$1:$A$12,MONTH(CL89))) -> 18 Nov | E89: 0 | F89: Not started | G89: =IF(G$5=$CL89,"◆","") | H89: =IF(H$5=$CL89,"◆","") | I89: =IF(I$5=$CL89,"◆","") | J89: =IF(J$5=$CL89,"◆","") | K89: =IF(K$5=$CL89,"◆","") | L89: =IF(L$5=$CL89,"◆","") | M89: =IF(M$5=$CL89,"◆","") | N89: =IF(N$5=$CL89,"◆","") | ... CH89: =IF(CH$5=$CL89,"◆","") | CJ89: Milestone | CL89: =IFERROR(IF(TRIM(C89)="","",IF(ISNUMBER(C89),C89,DATE(2026,MATCH(LEFT(MID(TRIM(C89),FIND(" ",TRIM(C89))+1,9),3),Lists!$A$1:$A$12,0),VALUE(LEFT(TRIM(C89),FIND(" ",TRIM(C89))-1))))),"") -> 46344 | CM89: =CL89 -> 46344
A90: ◆ Final project report submission | C90: 25 Nov | D90: =IF(CL90="","",DAY(CL90)&" "&INDEX(Lists!$A$1:$A$12,MONTH(CL90))) -> 25 Nov | E90: 0 | F90: Not started | G90: =IF(G$5=$CL90,"◆","") | H90: =IF(H$5=$CL90,"◆","") | I90: =IF(I$5=$CL90,"◆","") | J90: =IF(J$5=$CL90,"◆","") | K90: =IF(K$5=$CL90,"◆","") | L90: =IF(L$5=$CL90,"◆","") | M90: =IF(M$5=$CL90,"◆","") | N90: =IF(N$5=$CL90,"◆","") | ... CH90: =IF(CH$5=$CL90,"◆","") | CJ90: Milestone | CL90: =IFERROR(IF(TRIM(C90)="","",IF(ISNUMBER(C90),C90,DATE(2026,MATCH(LEFT(MID(TRIM(C90),FIND(" ",TRIM(C90))+1,9),3),Lists!$A$1:$A$12,0),VALUE(LEFT(TRIM(C90),FIND(" ",TRIM(C90))-1))))),"") -> 46351 | CM90: =CL90 -> 46351
A91: ◆ VIVA slides submission | C91: 30 Nov | D91: =IF(CL91="","",DAY(CL91)&" "&INDEX(Lists!$A$1:$A$12,MONTH(CL91))) -> 30 Nov | E91: 0 | F91: Not started | G91: =IF(G$5=$CL91,"◆","") | H91: =IF(H$5=$CL91,"◆","") | I91: =IF(I$5=$CL91,"◆","") | J91: =IF(J$5=$CL91,"◆","") | K91: =IF(K$5=$CL91,"◆","") | L91: =IF(L$5=$CL91,"◆","") | M91: =IF(M$5=$CL91,"◆","") | N91: =IF(N$5=$CL91,"◆","") | ... CH91: =IF(CH$5=$CL91,"◆","") | CJ91: Milestone | CL91: =IFERROR(IF(TRIM(C91)="","",IF(ISNUMBER(C91),C91,DATE(2026,MATCH(LEFT(MID(TRIM(C91),FIND(" ",TRIM(C91))+1,9),3),Lists!$A$1:$A$12,0),VALUE(LEFT(TRIM(C91),FIND(" ",TRIM(C91))-1))))),"") -> 46356 | CM91: =CL91 -> 46356
A92: ◆ Project defence (VIVA) and demo | C92: 2 Dec | D92: =IF(CL92="","",DAY(CL92)&" "&INDEX(Lists!$A$1:$A$12,MONTH(CL92))) -> 2 Dec | E92: 0 | F92: Not started | G92: =IF(G$5=$CL92,"◆","") | H92: =IF(H$5=$CL92,"◆","") | I92: =IF(I$5=$CL92,"◆","") | J92: =IF(J$5=$CL92,"◆","") | K92: =IF(K$5=$CL92,"◆","") | L92: =IF(L$5=$CL92,"◆","") | M92: =IF(M$5=$CL92,"◆","") | N92: =IF(N$5=$CL92,"◆","") | ... CH92: =IF(CH$5=$CL92,"◆","") -> ◆ | CJ92: Milestone | CL92: =IFERROR(IF(TRIM(C92)="","",IF(ISNUMBER(C92),C92,DATE(2026,MATCH(LEFT(MID(TRIM(C92),FIND(" ",TRIM(C92))+1,9),3),Lists!$A$1:$A$12,0),VALUE(LEFT(TRIM(C92),FIND(" ",TRIM(C92))-1))))),"") -> 46358 | CM92: =CL92 -> 46358
A94: Legend
A95: Heading (outline task) - span of its subtasks
A96: Done
A97: In progress
A98: Planned
A99: Optional / still in development
A100: Milestone
A101: Weekend

Sheet Lists
A1: Jan
A2: Feb
A3: Mar
A4: Apr
A5: May
A6: Jun
A7: Jul
A8: Aug
A9: Sep
A10: Oct
A11: Nov
A12: Dec

Sheet Outline vs Actual
A1: Comparison with the Project Outline Gantt chart (Appendix A)
A2: Term week 1 = 14-20 Sep 2026, so outline week Wn = the n-th week from 14 Sep.
A4: Outline task | B4: Outline week (dates) | C4: Updated span | D4: Status (31 Oct) | E4: Change and reason
A5: Set up Python 3.11 virtual environment (Raspberry Pi OS + laptop) | B5: W1 (14 Sep - 20 Sep) | C5: 14 Sep - 02 Oct | D5: Done | E5: Took longer: Raspberry Pi OS Trixie ships Python 3.13, which MediaPipe does not support, so a Python 3.12 environment was made with uv.
A6: Install and configure OpenCV | B6: W2 (21 Sep - 27 Sep) | C6: 16 Sep - 02 Oct | D6: Done | E6: Laptop done in W1; the Pi part was done together with task 1 in W3.
A7: Install and configure MediaPipe; test camera feed and GPIO wiring for LED/buzzer | B7: W3 (28 Sep - 04 Oct) | C7: 17 Sep - 04 Nov | D7: In progress | E7: MediaPipe and camera done (AI Camera needed its firmware). GPIO wiring moved to early November to keep the focus on the software (critical path).
A8: Develop MediaPipe Pose landmark extraction (shoulder, elbow, wrist, hip coordinates) | B8: W4 (05 Oct - 11 Oct) | C8: 19 Sep - 07 Oct | D8: Done | E8: Done early on the laptop (W1-W2); 3D landmarks added in W4.
A9: Implement joint-angle calculation functions (elbow, torso, wrist angles) | B9: W5 (12 Oct - 18 Oct) | C9: 05 Oct - 08 Oct | D9: Done | E9: Done in W4; wrist angle from the hand knuckles; hip angle replaced by an upper-arm drift check because the hips are often out of view.
A10: Build the bicep curl rep-counting state machine with form-validation checks | B10: W6 (19 Oct - 25 Oct) | C10: 21 Sep - 27 Oct | D10: Done | E10: Started early on the laptop (W2); live counting on the Pi took until 22 Oct. Fist direction could not be judged reliably from one camera; agreed with the supervisor to leave it as a limitation (advice only).
A11: Test OpenCV/MediaPipe detection under varying lighting conditions | B11: W7 (26 Oct - 01 Nov) | C11: 20 Oct - 11 Nov | D11: In progress | E11: Test clips recorded in W6 so every change is tested on the same video; the formal lighting tests are run in W9 with the finished system.
A12: Test detection under varying distances/backgrounds; tune thresholds for stability | B12: W8 (02 Nov - 08 Nov) | C12: 08 Oct - 12 Nov | D12: In progress | E12: Threshold tuning started early (W4) because counting did not work on the Pi; distance/background tests in W9.
A13: Develop supporting modules: display overlay, GPIO feedback, calorie tracking, session logging (CSV) | B13: W9 (09 Nov - 15 Nov) | C13: 21 Sep - 06 Nov | D13: In progress | E13: Grew in scope: the CSV log became a Flask phone app with accounts, QR login, session history, calorie chart and a goal for the next session (W5-W7). GPIO feedback moved to W8.
A14: Design and 3D print the Raspberry Pi/display/LED enclosure (Bambu Lab X1 Carbon, PLA) | B14: W10 (16 Nov - 22 Nov) | C14: 02 Oct - 13 Nov | D14: In progress | E14: CAD started early but paused while the software was fixed; the supervisor asked for a polished chassis, so the redesign and printing are W8-W9.
A15: Assemble hardware into the enclosure; integrate pipeline on Raspberry Pi 5 (camera, GPIO, Flask endpoint) | B15: W11 (23 Nov - 29 Nov) | C15: 21 Oct - 15 Nov | D15: In progress | E15: Software integration on the Pi finished in W6-W7 (both cameras, phone app); mounting in the enclosure in W9.
... A20: VIVA slides and rehearsal (added) | B20: - | C20: 26 Nov - 01 Dec | D20: Not started | E20: Not in the outline; slides due 30 Nov, VIVA 2 Dec.
